{
  "id": "kanes-module-collection",
  "title": "Kane's Module Collection",
  "version": "1.0.0",
  "compatibility": {
    "minimum": "11",
    "verified": "11"
  },
  "relationships": {
    "systems": [
      {
        "id": "pf2e",
        "type": "system",
        "compatibility": {}
      }
    ],
    "recommends": [
      {
        "id": "combat-chat",
        "type": "module",
        "manifest": "https://github.com/Larkinabout/fvtt-combat-chat/releases/latest/download/module.json",
        "compatibility": {}
      },
      {
        "id": "simply-portraits",
        "type": "module",
        "manifest": "https://github.com/nickelpro/simply-portraits/releases/latest/download/module.json",
        "compatibility": {}
      },
      {
        "id": "xdy-pf2e-workbench",
        "type": "module",
        "manifest": "https://github.com/xdy/xdy-pf2e-workbench/releases/latest/download/module.json",
        "compatibility": {}
      },
      {
        "id": "dd-import",
        "type": "module",
        "manifest": "https://raw.githubusercontent.com/moo-man/FVTT-DD-Import/master/module.json",
        "compatibility": {}
      },
      {
        "id": "forien-copy-environment",
        "type": "module",
        "manifest": "https://github.com/League-of-Foundry-Developers/foundryvtt-forien-copy-environment/releases/latest/download/module.json",
        "compatibility": {}
      },
      {
        "id": "monks-enhanced-journal",
        "type": "module",
        "manifest": "https://github.com/ironmonk88/monks-enhanced-journal/archive/11.03.zip",
        "compatibility": {}
      },
      {
        "id": "maru-playlist-enhancements",
        "type": "module",
        "manifest": "https://github.com/marutypes/FoundryVTT-Maru-Playlist-Enhancements/releases/latest/download/module.json",
        "compatibility": {}
      },
      {
        "id": "drag-ruler",
        "type": "module",
        "manifest": "https://raw.githubusercontent.com/manuelVo/foundryvtt-drag-ruler/master/module.json",
        "compatibility": {}
      },
      {
        "id": "combat-tracker-dock",
        "type": "module",
        "manifest": "https://github.com/theripper93/combat-tracker-dock/releases/latest/download/module.json",
        "compatibility": {}
      },
      {
        "id": "pf2e-modifiers-matter",
        "type": "module",
        "manifest": "https://github.com/shemetz/pf2e-modifiers-matter/releases/latest/download/module.json",
        "compatibility": {}
      },
      {
        "id": "multi-token-edit",
        "type": "module",
        "manifest": "https://github.com/Aedif/multi-token-edit/releases/latest/download/module.json",
        "compatibility": {}
      },
      {
        "id": "pf2e-tokens-bestiaries",
        "type": "module",
        "manifest": "https://foundryvtt.s3.us-west-2.amazonaws.com/modules/pf2e-tokens-bestiaries/module.json",
        "compatibility": {}
      },
      {
        "id": "fast-flip",
        "type": "module",
        "manifest": "https://raw.githubusercontent.com/Mr-Byte/fast-flip/V10/module.json",
        "compatibility": {}
      },
      {
        "id": "zsync",
        "type": "module",
        "manifest": "https://raw.githubusercontent.com/Sk1mble/zsync/master/module.json",
        "compatibility": {}
      },
      {
        "id": "token-z",
        "type": "module",
        "manifest": "https://github.com/theripper93/token-z/releases/latest/download/module.json",
        "compatibility": {}
      },
      {
        "id": "multiple-document-selection",
        "type": "module",
        "manifest": "https://github.com/ironmonk88/multiple-document-selection/releases/latest/download/module.json",
        "compatibility": {}
      },
      {
        "id": "vtta-tokenizer",
        "type": "module",
        "manifest": "https://github.com/MrPrimate/tokenizer/releases/download/latest/module.json",
        "compatibility": {}
      },
      {
        "id": "monks-tokenbar",
        "type": "module",
        "manifest": "https://github.com/ironmonk88/monks-tokenbar/releases/latest/download/module.json",
        "compatibility": {}
      },
      {
        "id": "pause-text",
        "type": "module",
        "manifest": "https://github.com/Zombiefleischer/pause-text/releases/latest/download/module.json",
        "compatibility": {}
      },
      {
        "id": "smarttarget",
        "type": "module",
        "manifest": "https://github.com/theripper93/Smart-Target/releases/latest/download/module.json",
        "compatibility": {}
      },
      {
        "id": "enhanced-terrain-layer",
        "type": "module",
        "manifest": "https://github.com/ironmonk88/enhanced-terrain-layer/releases/latest/download/module.json",
        "compatibility": {}
      },
      {
        "id": "dice-so-nice",
        "type": "module",
        "manifest": "https://gitlab.com/riccisi/foundryvtt-dice-so-nice/-/raw/master/module/module.json",
        "compatibility": {}
      },
      {
        "id": "dice-calculator",
        "type": "module",
        "manifest": "https://gitlab.com/asacolips-projects/foundry-mods/foundry-vtt-dice-calculator/raw/master/module.json",
        "compatibility": {}
      },
      {
        "id": "hide-gm-rolls",
        "type": "module",
        "manifest": "https://github.com/sPOiDar/fvtt-module-hide-gm-rolls/raw/master/module.json",
        "compatibility": {}
      },
      {
        "id": "pf2e-dragruler",
        "type": "module",
        "manifest": "https://github.com/reyzor1991/pf2edragruler/releases/latest/download/module.json",
        "type": "module"
      }
    ]
  },
  "authors": [
    {
      "name": "Kane"
    }
  ],
    "manifest": "https://github.com/Nakio-Aikyo/thing/releases/latest/download/module.json",
    "download": "https://github.com/Nakio-Aikyo/thing/releases/download/latest/module.zip"
}